ID_Subject;Idx_Acquisition;Hand;Smartphone_model;Available_Sensors;Start_GestureA;End_GestureA;ID_GestureA;Start_GestureB;End_GestureB;ID_GestureB;Start_GestureC;End_GestureC;ID_GestureC;Start_GestureD;End_GestureD;ID_GestureD
1;1;"left";"Galaxy S9+ di Cristian";1;0;4.4467099;"AZ";5.4467099;10.0127916;"Z";11.0127916;14.8843861;"S";15.8843861;18.397413;"AS"
2;1;"right";"Galaxy S9+ di Cristian";5;0;2.4454148;"Down";3.4454148;6.0062819;"Up";7.0062819;11.3168832;"CCW";12.3168832;16.2594551;"CW"
3;1;"right";"vivo - V2023(399b)";1;0;4.6585695;"CW";5.6585695;10.6566196;"CW";11.6566196;14.577537;"Push";15.577537;18.0348274;"Pull"
4;1;"left";"Galaxy S9+ di Cristian";1;0;2.0259932;"Pull";3.0259932;7.9795336;"CW";8.9795336;12.1984526;"CCW";13.1984526;14.9782004;"Push"
1;2;"right";"Galaxy S9+ di Cristian";5;0;2.9066178;"AZ";3.9066178;5.8782515;"AS";6.8782515;9.7305205;"Z";10.7305205;14.4055098;"S"
2;2;"left";"Galaxy S9+ di Cristian";4;0;3.4021955;"CW";4.4021955;7.5093306;"CCW";8.5093306;10.801079;"Up";11.801079;14.7081604;"Down"
3;2;"right";"Galaxy S9+ di Cristian";1;0;1.6971965;"Pull";2.6971965;6.0199273;"CW";7.0199273;9.8948866;"CW";10.8948866;13.0661677;"Push"
4;2;"right";"Galaxy S9+ di Cristian";5;0;2.7074665;"CW";3.7074665;6.8377059;"Push";7.8377059;10.8963602;"Pull";11.8963602;15.3544889;"CCW"
1;3;"left";"Galaxy S9+ di Cristian";3;0;3.9644363;"AZ";4.9644363;7.9675842;"AS";8.9675842;12.0357365;"Z";13.0357365;15.5841154;"S"
